entry_id,kind,category,date,url,video_id,title,channel,duration_seconds,duration_hm,logged_at
msdc9hgq-3bqr42,session,youtube,2026-08-03,https://www.youtube.com/watch?v=6tAMFeWl55o,6tAMFeWl55o,Cologne in Slow German,Easy German,1031,17m,2026-08-03 16:42:53
msdenf1s-p2wkwp,session,youtube,2026-08-03,https://www.youtube.com/watch?v=nMtzEgBuDHk,nMtzEgBuDHk,Germany’s Friendliest City? | Easy German 485,Easy German,743,12m,2026-08-03 17:49:43
msdepwty-nxmo2w,baseline,,,,,Immersion before tracking started,,340260,94h 31m,2026-08-03 17:51:39
msdgteba-tg2bkq,session,youtube,2026-08-03,https://www.youtube.com/watch?v=-CHCh4nXwmk,-CHCh4nXwmk,The Most Stupid Thing You Have Done | Easy German 565,Easy German,875,15m,2026-08-03 18:50:21
msdo04yj-vitfux,session,youtube,2026-08-03,https://www.youtube.com/watch?v=UFZFYcUTR3g,UFZFYcUTR3g,EASY German Learning Vlog for Beginners / A2 German Comprehensible Input,Chill German,1656,28m,2026-08-03 22:11:33
msg1hyg4-9y7ak4,session,youtube,2026-08-05,https://www.youtube.com/watch?v=ElqpN_BVN4Q,ElqpN_BVN4Q,Exploring a typical German Shop (A2 | for Advanced Beginners),Easy German,1024,17m,2026-08-05 14:04:51
msg331tn-ccrbp6,session,youtube,2026-08-05,https://www.youtube.com/watch?v=UiFIzW8d5LI,UiFIzW8d5LI,Is German Hard to Learn? | Easy German 552,Easy German,1044,17m,2026-08-05 14:49:15
msg4kx4v-fm4wdz,session,youtube,2026-08-05,https://www.youtube.com/watch?v=paIiikWpnok,paIiikWpnok,A Day at University in Slow German | Super Easy German 303,Easy German,1035,17m,2026-08-05 15:31:08
msiugb8k-brnrq7,session,youtube,2026-08-07,https://www.youtube.com/watch?v=-1-rNmP75eo,-1-rNmP75eo,Döner Kebab in Slow German | Super Easy German 298,Easy German,905,15m,2026-08-07 13:10:56
msm8ft58-tva9ll,session,youtube,2026-08-09,https://www.youtube.com/watch?v=W9coIzRQGh4,W9coIzRQGh4,Learn German with Us at the Supermarket (for Advanced Beginners),Easy German,936,16m,2026-08-09 22:05:45
msm8web7-hd5edj,session,youtube,2026-08-09,https://www.youtube.com/watch?v=OFSHdj_2FQA,OFSHdj_2FQA,Ordering in a Restaurant in Slow German | Super Easy German 236,Easy German,780,13m,2026-08-09 22:18:39
msm96awh-rgclzf,session,youtube,2026-08-09,https://www.youtube.com/watch?v=DP_oFxfopCg,DP_oFxfopCg,In 10 Stunden Euro von Frankfurt nach Prag – wir testen den neuen Leo-Express,hessenschau,431,7m,2026-08-09 22:26:22
msm9qc2e-hdx4a0,session,youtube,2026-08-09,https://www.youtube.com/watch?v=lE5FIV-76x0,lE5FIV-76x0,Understand Real German from the Streets (Erfurt 🇩🇪),Easy German,903,15m,2026-08-09 22:41:56
mt2wqejz-hbflw3,session,youtube,2026-08-20,https://www.youtube.com/watch?v=n1RZa2y29Yg,n1RZa2y29Yg,Why Germans Say “Damit” (Not “mit es”),Easy German,964,16m,2026-08-21 14:10:09
mt2wrj10-vb58ig,session,youtube,2026-08-20,https://www.youtube.com/watch?v=dkvBJernuKE,dkvBJernuKE,Why Is It So Hard to Make Friends in Germany?,Easy German,920,15m,2026-08-21 14:11:02
mt2wrrpd-lcp52x,session,youtube,2026-08-20,https://www.youtube.com/watch?v=92Mcmx5gVus,92Mcmx5gVus,Our Favourite Store in Berlin (Slow German),Easy German,1075,18m,2026-08-21 14:11:13
mt2ws0jl-44w1wi,session,youtube,2026-08-20,https://www.youtube.com/watch?v=QMCvJyOu2G8,QMCvJyOu2G8,What a German B1 (Telc) Exam Actually Looks Like,Easy German,1450,24m,2026-08-21 14:11:24
mt2wsb2k-7ji5ex,session,youtube,2026-08-21,https://www.youtube.com/watch?v=ehGZaU0EmpQ,ehGZaU0EmpQ,How Diplomats Learn Languages Fast | Easy German 585,Easy German,1086,18m,2026-08-21 14:11:38
mt2xoxft-qw4h94,session,youtube,2026-08-21,https://www.youtube.com/watch?v=edDQD2_cFE0,edDQD2_cFE0,Flirting & Dating in Germany | Easy German 449,Easy German,842,14m,2026-08-21 14:37:00
mt2y81qz-3ns858,session,youtube,2026-08-21,https://www.youtube.com/watch?v=2oONLoiv9Ng,2oONLoiv9Ng,First Time You Felt Like an Adult | Easy German 567,Easy German,925,15m,2026-08-21 14:51:52
mt2zabml-bpl98r,session,youtube,2026-08-21,https://www.youtube.com/watch?v=9RZI_ZKQwRc,9RZI_ZKQwRc,A Day in Berlin with 100€ | Easy German 577,Easy German,1639,27m,2026-08-21 15:21:38
mt48dhmw-ynr3s2,session,youtube,2026-08-22,https://www.youtube.com/watch?v=TAsO1rl0Zlg,TAsO1rl0Zlg,How Germans Define Love | Easy German 536,Easy German,832,14m,2026-08-22 15:53:48
mt4a2nwp-u8n5x4,session,youtube,2026-08-22,https://www.youtube.com/watch?v=nN63KkZwWn0,nN63KkZwWn0,How Do Germans Stay in Shape? | Easy German 424,Easy German,694,12m,2026-08-22 16:41:23
mt4axce3-gjglaw,session,youtube,2026-08-22,https://www.youtube.com/watch?v=ABLwUHau5x8,ABLwUHau5x8,Learning German on the Job: How Youssef Became a Nurse in Germany,Easy German,1305,22m,2026-08-22 17:05:14
mt4bjw5u-uivzma,session,youtube,2026-08-22,https://www.youtube.com/watch?v=7tmraY3TuYQ,7tmraY3TuYQ,Museum Visit in Slow German | Super Easy German 260,Easy German,603,10m,2026-08-22 17:22:46
mt65bzyl-md6q03,session,youtube,2026-08-24,https://www.youtube.com/watch?v=kRq3WzSwUw0,kRq3WzSwUw0,Street Interviews in Magdeburg (for German Learners),Easy German,957,16m,2026-08-24 00:04:12
mt65quth-6m6mrn,session,youtube,2026-08-24,https://www.youtube.com/watch?v=7zRAEn1qXJ4,7zRAEn1qXJ4,What Is the First Thing You Do in the Morning? | Easy German 400,Easy German,680,11m,2026-08-24 00:15:45
mt66chxh-i430t2,session,youtube,2026-08-24,https://www.youtube.com/watch?v=yyJ-dhmff-o,yyJ-dhmff-o,We Ask People in Berlin to Describe Their Appearance | Easy German 423,Easy German,756,13m,2026-08-24 00:32:35
mt66rdc5-xispgl,session,youtube,2026-08-24,https://www.youtube.com/watch?v=ahYlzOyDNI0,ahYlzOyDNI0,At the Dentist in Slow German | Super Easy German 242,Easy German,575,10m,2026-08-24 00:44:09
mt67bzib-ikmg4n,session,youtube,2026-08-24,https://www.youtube.com/watch?v=zdRUMMSK0do,zdRUMMSK0do,At the Library in Slow German | Super Easy German 282,Easy German,949,16m,2026-08-24 01:00:11
mt7ilmzm-4mlseh,session,youtube,2026-08-24,https://www.youtube.com/watch?v=griX4qjx8JQ,griX4qjx8JQ,Bottle Deposit in Germany | Super Easy German (57),Easy German,465,8m,2026-08-24 23:03:23
mt7izuj9-aukkhq,session,youtube,2026-08-24,https://www.youtube.com/watch?v=UU-o7PloYQg,UU-o7PloYQg,8 Common Mistakes Spanish Speakers Make in German | Super Easy German 219,Easy German,627,10m,2026-08-24 23:14:26
mt7jffxy-ue2jz5,session,youtube,2026-08-24,https://www.youtube.com/watch?v=cS_aH5wJGME,cS_aH5wJGME,How Many Languages Do Germans Speak? | Easy German 473,Easy German,668,11m,2026-08-24 23:26:34
mt7k5tcc-pl6ycy,session,youtube,2026-08-24,https://www.youtube.com/watch?v=MKCac5PXNoM,MKCac5PXNoM,Germans Try To Guess The Language | Easy German 418,Easy German,1070,18m,2026-08-24 23:47:04
mtai6qsv-gexkfb,session,youtube,2026-08-27,https://www.youtube.com/watch?v=UXe5aZ2eDFY,UXe5aZ2eDFY,Are Germans Paranoid About Privacy? | Easy German 519,Easy German,816,14m,2026-08-27 01:15:07
mtai6xcs-j4q64a,session,youtube,2026-08-27,https://www.youtube.com/watch?v=gGSaLcD3WEs,gGSaLcD3WEs,What Foreigners Like and Dislike about Berlin | Easy German 454,Easy German,842,14m,2026-08-27 01:15:15
mtai73m0-zwiybq,session,youtube,2026-08-27,https://www.youtube.com/watch?v=Yydu1FrTYT0,Yydu1FrTYT0,How Punctual Are Germans? | Easy German 458,Easy German,684,11m,2026-08-27 01:15:23
mtair4fc-lkspup,session,youtube,2026-08-27,https://www.youtube.com/watch?v=8kX2jsUnZck,8kX2jsUnZck,Trip to West Berlin in Slow German | Super Easy German 281,Easy German,891,15m,2026-08-27 01:30:58
mtbymua2-ishgnj,session,youtube,2026-08-28,https://www.youtube.com/watch?v=1bFgK6wtuNY,1bFgK6wtuNY,At the Bakery in Slow German | Super Easy German 271,Easy German,887,15m,2026-08-28 01:43:18
mtheqav5-ky8cnz,session,youtube,2026-08-31,https://www.youtube.com/watch?v=RFyYhp5gW9U,RFyYhp5gW9U,What Do Foreigners Love Most About Germany? (And What Not?) | Easy German 531,Easy German,747,12m,2026-08-31 21:12:44
mtheqee8-wtvpcd,session,youtube,2026-08-31,https://www.youtube.com/watch?v=2EPS9xaTquI,2EPS9xaTquI,When You Don’t Make Progress With Your German | Easy German 492,Easy German,899,15m,2026-08-31 21:12:49
mtheqhz9-d2oou9,session,youtube,2026-08-31,https://www.youtube.com/watch?v=_Q10tann_co,_Q10tann_co,IN vs IM | Super Easy German (65),Easy German,366,6m,2026-08-31 21:12:53
mtheqmd1-l6as3o,session,youtube,2026-08-31,https://www.youtube.com/watch?v=xvqPIUXCUQo,xvqPIUXCUQo,Germans Describe Their Profession | Easy German 556,Easy German,852,14m,2026-08-31 21:12:59
mthf9ru8-7l6rxc,session,youtube,2026-08-31,https://www.youtube.com/watch?v=IChcogLkMrs,IChcogLkMrs,Jobcenter in Slow German | Super Easy German 305,Easy German,1223,20m,2026-08-31 21:27:53
mthg6yt7-hbvki9,session,youtube,2026-08-31,https://www.youtube.com/watch?v=MkJORaGrS2s,MkJORaGrS2s,What's your favourite country? | Easy German 306,Easy German,563,9m,2026-08-31 21:53:41
mtiqlfd0-s292pj,session,youtube,2026-09-01,https://www.youtube.com/watch?v=U2Sc2UQmyq0,U2Sc2UQmyq0,All You Need to Know About Birthdays in Germany | Super Easy German 222,Easy German,911,15m,2026-09-01 19:32:38
mtiqlkl1-w35f9m,session,youtube,2026-09-01,https://www.youtube.com/watch?v=Qo_kusD5oQ4,Qo_kusD5oQ4,"Münster, What Are You Doing Today? | Easy German 595",Easy German,823,14m,2026-09-01 19:32:45
mtiqlqcz-25ky1e,session,youtube,2026-09-01,https://www.youtube.com/watch?v=XbAe95Bn5z0,XbAe95Bn5z0,7 Tips When Applying for a Job in Germany | Easy German 548,Easy German,1442,24m,2026-09-01 19:32:52
mtiqltv9-8gnqap,session,youtube,2026-09-01,https://www.youtube.com/watch?v=4vriPwOPpSg,4vriPwOPpSg,Working in Germany as a Foreigner | Easy German 553,Easy German,1024,17m,2026-09-01 19:32:57
munwk4u8-tqta46,session,youtube,2026-09-02,https://www.youtube.com/watch?v=6u9TZRP1lyo,6u9TZRP1lyo,How do Germans spend their Summer? | Easy German 250,Easy German,370,6m,2026-09-30 14:58:09
munwkcyq-qhz5lc,session,youtube,2026-09-02,https://www.youtube.com/watch?v=zJX6do6ZVTs,zJX6do6ZVTs,"How to pronounce the German ""G"" | Super Easy German (75)",Easy German,305,5m,2026-09-30 14:58:19
munwkkoc-2fagak,session,youtube,2026-09-02,https://www.youtube.com/watch?v=gLMIPip0wF0,gLMIPip0wF0,How to Break Up With a German | Easy German 572,Easy German,894,15m,2026-09-30 14:58:29
munwkrtn-8sc1pk,session,youtube,2026-09-02,https://www.youtube.com/watch?v=fGNJ0Eo6Enw,fGNJ0Eo6Enw,What Foreigners in Germany Miss Most About Their Home | Easy German 546,Easy German,873,15m,2026-09-30 14:58:39
munwkzmf-wl3yxb,session,youtube,2026-09-03,https://www.youtube.com/watch?v=4Bh9bBshsz0,4Bh9bBshsz0,What Foreigners Really Think About German Food | Easy German 520,Easy German,749,12m,2026-09-30 14:58:49
munwl5ip-43dve2,session,youtube,2026-09-03,https://www.youtube.com/watch?v=5SqQ6TSDeiU,5SqQ6TSDeiU,East Germany vs. West Germany | Easy German 422,Easy German,831,14m,2026-09-30 14:58:56
munwlane-la6uuj,session,youtube,2026-09-03,https://www.youtube.com/watch?v=nuGpXkhxx6o,nuGpXkhxx6o,How Germans Spend Their Free Time | Easy German 517,Easy German,767,13m,2026-09-30 14:59:03
munwlqsy-eczeh2,session,youtube,2026-09-05,https://www.youtube.com/watch?v=HOmVMBJrl48,HOmVMBJrl48,What's Your Guilty Pleasure? | Easy German 370,Easy German,569,9m,2026-09-30 14:59:24
munwlyfm-58yzsh,session,youtube,2026-09-05,https://www.youtube.com/watch?v=0igNSysWJAM,0igNSysWJAM,Germans Talking About Their Dogs | Easy German 389,Easy German,711,12m,2026-09-30 14:59:34
munwm4dt-6zy25z,session,youtube,2026-09-05,https://www.youtube.com/watch?v=HdLWjsYeoSI,HdLWjsYeoSI,Living with Cats | Super Easy German (132),Easy German,281,5m,2026-09-30 14:59:42
munwmhyw-hcvnah,session,youtube,2026-09-05,https://www.youtube.com/watch?v=Yh_KEW6P-d8,Yh_KEW6P-d8,At the Pet Store in Slow German | Super Easy German 261,Easy German,778,13m,2026-09-30 14:59:59
munwmsgg-ivztbs,session,youtube,2026-09-05,https://www.youtube.com/watch?v=ahYlzOyDNI0,ahYlzOyDNI0,At the Dentist in Slow German | Super Easy German 242,Easy German,575,10m,2026-09-30 15:00:13
munwmz24-00ketr,session,youtube,2026-09-05,https://www.youtube.com/watch?v=CtxKpeYfKvw,CtxKpeYfKvw,At the Pharmacy in Slow German | Super Easy German 280,Easy German,862,14m,2026-09-30 15:00:21
munwnabq-a8wn7a,session,youtube,2026-09-06,https://www.youtube.com/watch?v=aZTbnXzTsV4,aZTbnXzTsV4,"At the Bürgeramt: Anmeldung, Personalausweis, Int. Führerschein | Super Easy German 291",Easy German,1043,17m,2026-09-30 15:00:36
munwnfcj-ukl1gw,session,youtube,2026-09-06,https://www.youtube.com/watch?v=as23z7F6zJ0,as23z7F6zJ0,At the Cinema in Slow German | Super Easy German 290,Easy German,605,10m,2026-09-30 15:00:42
munwnlx3-75zzup,session,youtube,2026-09-06,https://www.youtube.com/watch?v=RkDBbpzMXpo,RkDBbpzMXpo,Which Countries Do Germans (Dis)Like Most?  Easy German 590,Easy German,880,15m,2026-09-30 15:00:51
munwnt1t-8ggs0j,session,youtube,2026-09-06,https://www.youtube.com/watch?v=RkDBbpzMXpo,RkDBbpzMXpo,Which Countries Do Germans (Dis)Like Most?  Easy German 590,Easy German,880,15m,2026-09-30 15:01:00
munwnx0t-wsnyzs,session,youtube,2026-09-06,https://www.youtube.com/watch?v=fGNJ0Eo6Enw,fGNJ0Eo6Enw,What Foreigners in Germany Miss Most About Their Home | Easy German 546,Easy German,873,15m,2026-09-30 15:01:05
munwo3e5-9jtyi9,session,youtube,2026-09-06,https://www.youtube.com/watch?v=5rKAyBoeY_4,5rKAyBoeY_4,Playing Board Games in Slow German | Super Easy German 247,Easy German,1056,18m,2026-09-30 15:01:14
munwods9-rq6sd8,session,youtube,2026-09-07,https://www.youtube.com/watch?v=xOez8LOLfyw,xOez8LOLfyw,We Try the Spiciest Currywurst in Berlin | Easy German 533,Easy German,1245,21m,2026-09-30 15:01:27
munwoiey-9k0flt,session,youtube,2026-09-07,https://www.youtube.com/watch?v=d_EsGY79Tv0,d_EsGY79Tv0,What's Faster in Germany? Train or Car? | Easy German 532,Easy German,1242,21m,2026-09-30 15:01:33
munwonn5-k2sqqo,session,youtube,2026-09-07,https://www.youtube.com/watch?v=mrHYPzK4jRU,mrHYPzK4jRU,Driving Through Berlin in Slow German | Super Easy German 256,Easy German,958,16m,2026-09-30 15:01:40
munwovuk-ubme9x,session,youtube,2026-09-07,https://www.youtube.com/watch?v=3KZnAVWL5IQ,3KZnAVWL5IQ,German in Real Life: Apartment Viewing in Berlin,Easy German,836,14m,2026-09-30 15:01:50
munwp087-cb3may,session,youtube,2026-09-07,https://www.youtube.com/watch?v=zI8IEutHHD4,zI8IEutHHD4,Germans Describe Their Best Friend (B1 Listening Comprehension),Easy German,855,14m,2026-09-30 15:01:56
munwp9e0-8o0c7y,session,youtube,2026-09-08,https://www.youtube.com/watch?v=KX6PH0rHKJI,KX6PH0rHKJI,What Germans Have For Lunch | Easy German 579,Easy German,846,14m,2026-09-30 15:02:08
munwpfx0-g4s760,session,youtube,2026-09-08,https://www.youtube.com/watch?v=SV_EMVt7zE0,SV_EMVt7zE0,Danke…! #shorts #easygerman #deutschkurs #deutsch,Easy German,53,1m,2026-09-30 15:02:16
munwplz3-1il4n8,session,youtube,2026-09-08,https://www.youtube.com/watch?v=ioNv-fj5RGI,ioNv-fj5RGI,Fall in Berlin (in Slow German) | Easy German Live,Easy German,2191,37m,2026-09-30 15:02:24
munwps28-p0pryj,session,youtube,2026-09-08,https://www.youtube.com/watch?v=Y32m79Ah1ms,Y32m79Ah1ms,A Day in the Life of a German Member of Parliament | Easy German 537,Easy German,1385,23m,2026-09-30 15:02:32
munwpx8h-z2ume9,session,youtube,2026-09-08,https://www.youtube.com/watch?v=oCsZnfIaiwY,oCsZnfIaiwY,Is It Hard to Make Friends in Germany? | Easy German 566,Easy German,973,16m,2026-09-30 15:02:39
munwrbrp-m8gvfo,session,youtube,2026-09-09,https://www.youtube.com/watch?v=eKO7Mop_90I,eKO7Mop_90I,Are Berliners Spontaneous? | Easy German 618,Easy German,762,13m,2026-09-30 15:03:44
munwrhhq-15o0zr,session,youtube,2026-09-09,https://www.youtube.com/watch?v=UqteWIVAdT4,UqteWIVAdT4,Why Germans Still Use Cash | Easy German 626,Easy German,868,14m,2026-09-30 15:03:52
munwrllc-40p17o,session,youtube,2026-09-09,https://www.youtube.com/watch?v=SJiAwWUUiLY,SJiAwWUUiLY,What’s the Last Thing You Bought? | Easy German 630,Easy German,707,12m,2026-09-30 15:03:57
munwrror-4t6ds3,session,youtube,2026-09-09,https://www.youtube.com/watch?v=CtxKpeYfKvw,CtxKpeYfKvw,At the Pharmacy in Slow German | Super Easy German 280,Easy German,862,14m,2026-09-30 15:04:05
munwrwak-22kgmw,session,youtube,2026-09-09,https://www.youtube.com/watch?v=jpgku1_n2y4,jpgku1_n2y4,Emergency Room in Slow German | Super Easy German 293,Easy German,812,14m,2026-09-30 15:04:11
munws2ht-qu2xnv,session,youtube,2026-09-09,https://www.youtube.com/watch?v=4ebH7pms42c,4ebH7pms42c,Asking for Directions in Slow German | Super Easy German 240,Easy German,553,9m,2026-09-30 15:04:19
munws6qi-htq8zt,session,youtube,2026-09-09,https://www.youtube.com/watch?v=OV-YbBgwaj8,OV-YbBgwaj8,How to Give Directions in German | Super Easy German 185,Easy German,523,9m,2026-09-30 15:04:25
munwsbx8-p0us3e,session,youtube,2026-09-09,https://www.youtube.com/watch?v=hhuNW1COrSM,hhuNW1COrSM,14 Min. Conversation in Slow German | Super Easy German 264,Easy German,834,14m,2026-09-30 15:04:31
munwstjj-79d18k,session,youtube,2026-09-10,https://www.youtube.com/watch?v=PLhiZust25w,PLhiZust25w,Going Back to our Favourite Country (German Vlog) | Easy German 604,Easy German,2326,39m,2026-09-30 15:04:54
munwt0it-pgtwst,session,youtube,2026-09-10,https://www.youtube.com/watch?v=iTgbAxWZWt8,iTgbAxWZWt8,24 Hours on the German Autobahn | Easy German 624,Easy German,1135,19m,2026-09-30 15:05:03
munwt5x5-tq9u46,session,youtube,2026-09-11,https://www.youtube.com/watch?v=90sSdADCQDE,90sSdADCQDE,Easy German: How It All Started (1 Million Subscriber Special),Easy German,1612,27m,2026-09-30 15:05:10
munwtaog-1q3f1r,session,youtube,2026-09-11,https://www.youtube.com/watch?v=tlRrej2zmqY,tlRrej2zmqY,I Crossed Germany By Bike (Again),Easy German,2107,35m,2026-09-30 15:05:16
munwtgey-w7jidp,session,youtube,2026-09-11,https://www.youtube.com/watch?v=NCiomJTAT8E,NCiomJTAT8E,Janusz Tells His Favorite German Dad Jokes | Easy German Special,Easy German,1397,23m,2026-09-30 15:05:24
munwtrmf-rdnb6l,session,youtube,2026-09-12,https://www.youtube.com/watch?v=VOv9nzPLFGo,VOv9nzPLFGo,We Crossed the US by Train | Easy German 491,Easy German,1622,27m,2026-09-30 15:05:38
munwtxnu-s0tb6r,session,youtube,2026-09-12,https://www.youtube.com/watch?v=BXv8NUSOZko,BXv8NUSOZko,Do People Learn German Everywhere?,Easy German,1915,32m,2026-09-30 15:05:46
munwubef-rtu0rb,session,youtube,2026-09-14,https://www.youtube.com/watch?v=76l03ZJ1O7I,76l03ZJ1O7I,We Are Testing Typical German Drinks | Easy German Podcast 416 Live in Berlin,Easy German,2230,37m,2026-09-30 15:06:04
munwufha-rno0js,session,youtube,2026-09-14,https://www.youtube.com/watch?v=a1Xgot4YYLc,a1Xgot4YYLc,The Easy German Office (500th Episode Special) | Easy German Live,Easy German,2138,36m,2026-09-30 15:06:09
munwuqtg-wt0kpe,session,youtube,2026-09-15,https://www.youtube.com/watch?v=_fFwfcS_9TY,_fFwfcS_9TY,How Foreign Kids Learn German Fast | Easy German 596,Easy German,1128,19m,2026-09-30 15:06:24
munwuvjw-zcytwe,session,youtube,2026-09-15,https://www.youtube.com/watch?v=sLenPVt3Kb8,sLenPVt3Kb8,"Nutze die Shadowing-Methode, um SOFORT BESSER zu sprechen. (Beispiele & Übungen)",Judithe Barthomeuf,1708,28m,2026-09-30 15:06:30
munwv0r2-vu53xp,session,youtube,2026-09-15,https://www.youtube.com/watch?v=2jg3DR3vthU,2jg3DR3vthU,One City. Three Countries? | Easy German 614,Easy German,1418,24m,2026-09-30 15:06:37
munwv6e3-owcmjw,session,youtube,2026-09-15,https://www.youtube.com/watch?v=F_TPRwApxQM,F_TPRwApxQM,Christmas Market at Berlin Alexanderplatz | Easy German Live,Easy German,2313,39m,2026-09-30 15:06:44
munwvbgi-c9l0h8,session,youtube,2026-09-15,https://www.youtube.com/watch?v=DZnqRxOoYzQ,DZnqRxOoYzQ,Where We Shoot Our Interviews | Easy German Live,Easy German,2393,40m,2026-09-30 15:06:51
munwvggf-6rbbfd,session,youtube,2026-09-15,https://www.youtube.com/watch?v=89adaKKIkUw,89adaKKIkUw,How similar are Swiss German and German German?,Easy German,873,15m,2026-09-30 15:06:57
munwvr7d-6xk1uo,session,youtube,2026-09-16,https://www.youtube.com/watch?v=f9cc3VnoRGY,f9cc3VnoRGY,German vs. Dutch vs. English (How Similar Are They?),Easy German,739,12m,2026-09-30 15:07:11
munwvwqv-kkg5g6,session,youtube,2026-09-16,https://www.youtube.com/watch?v=2d7pzRIK0RM,2d7pzRIK0RM,What US Americans Think About Germany | Easy German Podcast 523 from New York City,Easy German,1979,33m,2026-09-30 15:07:18
munww24a-2in3u0,session,youtube,2026-09-16,https://www.youtube.com/watch?v=mQdcd5ZwzvU,mQdcd5ZwzvU,The Best of Janusz on Easy German,Easy German,794,13m,2026-09-30 15:07:25
munwwev2-3p6llj,session,youtube,2026-09-17,https://www.youtube.com/watch?v=UD1i9qngeCQ,UD1i9qngeCQ,We Went to Egypt... and Then it Happened! | Easy German 479,Easy German,1449,24m,2026-09-30 15:07:42
munwwjo2-eqprn1,session,youtube,2026-09-17,https://www.youtube.com/watch?v=rywdaezQ_hQ,rywdaezQ_hQ,We Went to the Place in Italy that Speaks German (Südtirol)  | Easy German 496,Easy German,1217,20m,2026-09-30 15:07:48
munwwouu-dzmpzh,session,youtube,2026-09-17,https://www.youtube.com/watch?v=TbnSBpB-9Iw,TbnSBpB-9Iw,The Berlin Wall Is Now an Art Project | Easy German Live,Easy German,2242,37m,2026-09-30 15:07:55
munwx038-1gwjj6,session,youtube,2026-09-18,https://www.youtube.com/watch?v=AqKoKnW6QA4,AqKoKnW6QA4,A Walk Through New York in Slow German | Easy German Live,Easy German,2251,38m,2026-09-30 15:08:09
munwx6h9-ut9tle,session,youtube,2026-09-18,https://www.youtube.com/watch?v=EATmJzwA5tA,EATmJzwA5tA,Behind The Scenes of Easy German | Easy German 475,Easy German,1332,22m,2026-09-30 15:08:17
munwxdd6-13dsc2,session,youtube,2026-09-19,https://www.youtube.com/watch?v=hPI7eB5kOwY,hPI7eB5kOwY,Fließend SPRECHEN mit LESEN? Die Kraft der „Extensive Reading“ - Methode,Judithe Barthomeuf,1084,18m,2026-09-30 15:08:26
munwxj72-rvp3yc,session,youtube,2026-09-19,https://www.youtube.com/watch?v=12yIqiUpVe0,12yIqiUpVe0,The Most Northern Point of Germany | Easy German Live,Easy German,2341,39m,2026-09-30 15:08:34
munwxswe-gf7n4s,session,youtube,2026-09-20,https://www.youtube.com/watch?v=dJvKRxPt6xs,dJvKRxPt6xs,Best vs. Worst German Cities | Easy German Podcast 605,Easy German,2284,38m,2026-09-30 15:08:47
munwxzz6-tjihfy,session,youtube,2026-09-21,https://www.youtube.com/watch?v=KDs-4nH64fc,KDs-4nH64fc,The Secret of German Friendship,Easy German,1947,32m,2026-09-30 15:08:56
munwy67h-be37vq,session,youtube,2026-09-21,https://www.youtube.com/watch?v=ATcvbhCyti8,ATcvbhCyti8,Corrugated and Coronated | TimeGuessr | Intermediate German Comprehensible Input,ALG German — Comprehensible Input,622,10m,2026-09-30 15:09:04
munwypby-76d8wu,session,youtube,2026-09-22,https://www.youtube.com/watch?v=gw_BUDk610w,gw_BUDk610w,Real German Conversations: Funny Stories & Everyday Humor (B1),Easy German,820,14m,2026-09-30 15:09:29
munwyu9e-ctffq7,session,youtube,2026-09-22,https://www.youtube.com/watch?v=W6Mdhvg4zWA,W6Mdhvg4zWA,Adventures in Düsseldorf | Easy German Live,Easy German,2076,35m,2026-09-30 15:09:35
munwz07e-016r0m,session,youtube,2026-09-22,https://www.youtube.com/watch?v=OJCNxFkgWS8,OJCNxFkgWS8,It’s HOT in Berlin | Easy German Live,Easy German,2018,34m,2026-09-30 15:09:43
munwz8q8-000pwe,session,youtube,2026-09-22,https://www.youtube.com/watch?v=n0tJ_RWAhe8,n0tJ_RWAhe8,I Took a Gander and Missed by 923.5 km | TimeGuessr | Intermediate German Comprehensible Input,ALG German — Comprehensible Input,456,8m,2026-09-30 15:09:54
munwzk8u-necq0s,session,youtube,2026-09-23,https://www.youtube.com/watch?v=gonQg4pzn1k,gonQg4pzn1k,We are in Mexico! | Easy German Live,Easy German,2127,35m,2026-09-30 15:10:09
munwznf4-0e4tl6,session,youtube,2026-09-23,https://www.youtube.com/watch?v=W6Mdhvg4zWA,W6Mdhvg4zWA,Adventures in Düsseldorf | Easy German Live,Easy German,2076,35m,2026-09-30 15:10:13
munwzu5z-2md39y,session,youtube,2026-09-23,https://www.youtube.com/watch?v=XmFh5v6s2y4,XmFh5v6s2y4,"At the Bürgeramt: Aufenthaltstitel übertragen, Führungszeugnis | Super Easy German 299",Easy German,782,13m,2026-09-30 15:10:22
munx0dck-oeewr1,session,youtube,2026-09-25,https://www.youtube.com/watch?v=rvBAXIr7QaI,rvBAXIr7QaI,How Much Vacation Do Germans Have? | Easy German 560,Easy German,923,15m,2026-09-30 15:10:46
munx0lu6-4sv2eg,session,youtube,2026-09-26,https://www.youtube.com/watch?v=c4nE091F970,c4nE091F970,She Learned Accent Free German On Her Own,Easy German,1901,32m,2026-09-30 15:10:57
munx1j6h-xi62kf,session,youtube,2026-09-28,https://www.youtube.com/watch?v=1J2hc5viabU,1J2hc5viabU,Birdwatching in the Wetlands - Special Finds 🔭 | Easy Vlogs #30 | German Comprehensible Input [B1],German Moments,1216,20m,2026-09-30 15:11:41
munx1u2l-fu7bfg,session,youtube,2026-09-28,https://www.youtube.com/watch?v=8qmo0Z3G91I,8qmo0Z3G91I,Learn with a GERMAN B1 STORY | easy and comprehensible German,comprehensible GERMANi - Natürlich deutsch,441,7m,2026-09-30 15:11:55
munx2145-ex6sm5,session,youtube,2026-09-28,https://www.youtube.com/watch?v=-J6uZlGrf3o,-J6uZlGrf3o,WE ARE IN TOKYO! | Easy German 245,Easy German,848,14m,2026-09-30 15:12:04
munx29qo-qkbxfc,session,youtube,2026-09-29,https://www.youtube.com/watch?v=Vos42rFCPb0,Vos42rFCPb0,8 Things to See on a Weekend in Berlin | Easy German 472,Easy German,1360,23m,2026-09-30 15:12:15
munx2g95-ov9sxa,session,youtube,2026-09-29,https://www.youtube.com/watch?v=-gHS3mCTTEQ,-gHS3mCTTEQ,Learn German with a Quiz: Can You Beat Native Speakers?,Seedlang: Learn German with Videos,503,8m,2026-09-30 15:12:23
munx2l8r-sf53b5,session,youtube,2026-09-29,https://www.youtube.com/watch?v=lYRzIoW2D6Y,lYRzIoW2D6Y,"Wenn ich C1 (SPRECHEN) erreichen möchte, würde ich folgende Strategie nutzen.",Judithe Barthomeuf,2465,41m,2026-09-30 15:12:30
munx2r74-cplewk,session,youtube,2026-09-30,https://www.youtube.com/watch?v=aC5IIC5y7UQ,aC5IIC5y7UQ,What’s in Our Backpacks? (Slow German Conversation),Easy German,1120,19m,2026-09-30 15:12:38
muqobiah-9xraay,session,youtube,2026-10-02,https://www.youtube.com/watch?v=AIiKDnTX4uM,AIiKDnTX4uM,What Germans from different regions think about each other | Easy German 332,Easy German,815,14m,2026-10-02 13:30:48
muqobn5i-l9b9md,session,youtube,2026-10-02,https://www.youtube.com/watch?v=mj3e2YPKkvc,mj3e2YPKkvc,What Germans think about the French | Easy German 337,Easy German,599,10m,2026-10-02 13:30:54
muqobqbn-mrkq31,session,youtube,2026-10-02,https://www.youtube.com/watch?v=GzK-Tf6QaqA,GzK-Tf6QaqA,50 German words that are actually French | Super Easy French (110),Easy German,486,8m,2026-10-02 13:30:58
muqobv33-jm3ta7,session,youtube,2026-10-02,https://www.youtube.com/watch?v=Tu3IHEb3bko,Tu3IHEb3bko,Easy German Vlog - Comprehensible Input for Beginners & Intermediates,Easy German,834,14m,2026-10-02 13:31:05
muqq3jr7-jjsao4,session,watching,2026-10-02,,,Nonsense German class,,1200,20m,2026-10-02 14:20:36
muqqpfjo-3i56lv,session,listening,2026-10-02,,,https://www.youtube.com/watch_videos?video_ids=pvshpvxn8UM%2Cy9zTec2J84k%2Czc4_HDzTH3Y%2CPJoazQMHz18%2CnUqaukZsg_8%2Cl8rsg7ZGpBQ%2CbABlXlwZBnI%2CnmvAMXpVr54%2CXYZbIDhngF0%2CLZ5ahd8MLb0%2CRZdTWhBpBRY%2CtD3X77ic174%2CE2cbksrQtlo%2CFH_eNAnqjfk%2CjXw0nA5DXx4%2CDYAuLgZ4ClY%2C0G_VatoYxps%2CG4EUrqDon84%2CGAes-S1QGls%2CeUJ6pb72wT8%2Cnaotug1vjWI%2CvNkUPfSWxkQ%2Cq47RX6KUiIc%2Cut_uk2ppQa8%2CfLZLAxOpGAk%2CEb4jrk6DD-8%2CBnaoZxgflRc%2CNrFWElgCtRU%2CjTpfyL5krsE%2Co2UgikpHa3I%2CpOH65Oe69jk%2C1mVR51hn0go%2Co8-HbfCEd-8%2Cq8LleddEBO8%2CozducHDOJ_A%2CALY_cWBeY7M%2Crv2GxDqvjn4%2COn0GnZByPtg%2COD3QEXya1FA%2CaK-0G4TG-Yo%2CCeibREJgaBY%2C3InIQ93xGaQ%2CfZGMnEprVs0%2CjLmqegMmKCM%2Crs5sQ_WSZiY%2Cw5mcY6i7zbA%2Ch6fnv-hSwP8%2CmCxqF6olSg4%2CN95VIhpSPdE%2CZTvNUJGhBx4%2CCyVCYrfAD6E&type=0&title=B1+German+Podcast+%E2%80%A2+Top+episodes+for+you,,600,10m,2026-10-02 14:37:37
